source_file,output_file,doi
10-1002_cche-10383.pdf,10-1002_cche-10383.txt,
10-1002_cche-10589.pdf,10-1002_cche-10589.txt,
10-1002_food-200390094.pdf,10-1002_food-200390094.txt,
10-1002_fsn3-4511.pdf,10-1002_fsn3-4511.txt,
10-1002_jsfa-12702.pdf,10-1002_jsfa-12702.txt,
10-1002_jsfa-13233.pdf,10-1002_jsfa-13233.txt,
10-1002_jsfa-2334.pdf,10-1002_jsfa-2334.txt,
10-1002_jsfa-70829.pdf,10-1002_jsfa-70829.txt,
10-1002_leg3-70005.pdf,10-1002_leg3-70005.txt,
10-1002_leg3-70032.pdf,10-1002_leg3-70032.txt,
10-1007_s00217-026-05065-0.pdf,10-1007_s00217-026-05065-0.txt,
10-1007_s11694-013-9168-x.pdf,10-1007_s11694-013-9168-x.txt,
10-1007_s11694-015-9255-2.pdf,10-1007_s11694-015-9255-2.txt,
10-1007_s11694-023-01889-6.pdf,10-1007_s11694-023-01889-6.txt,
10-1007_s11947-016-1818-7.pdf,10-1007_s11947-016-1818-7.txt,
10-1007_s11947-019-02386-9.pdf,10-1007_s11947-019-02386-9.txt,
10-1007_s11947-026-04324-y.pdf,10-1007_s11947-026-04324-y.txt,
10-1007_s13197-014-1681-3.pdf,10-1007_s13197-014-1681-3.txt,
10-1007_s13197-015-1758-7.pdf,10-1007_s13197-015-1758-7.txt,
10-1007_s13197-019-03785-8.pdf,10-1007_s13197-019-03785-8.txt,
10-1007_s13197-020-04241-8.pdf,10-1007_s13197-020-04241-8.txt,
10-1021_acsomega-2c06912.pdf,10-1021_acsomega-2c06912.txt,
10-1021_jf00112a030.pdf,10-1021_jf00112a030.txt,
10-1021_jf049583c.pdf,10-1021_jf049583c.txt,
10-1038_s41598-026-35526-1.pdf,10-1038_s41598-026-35526-1.txt,
10-1080_19476337-2017-1301554.pdf,10-1080_19476337-2017-1301554.txt,10.1080/19476337.2017.1301554
10-1111_1750-3841-14770.pdf,10-1111_1750-3841-14770.txt,
10-1111_1750-3841-16467.pdf,10-1111_1750-3841-16467.txt,
10-1111_1750-3841-16794.pdf,10-1111_1750-3841-16794.txt,
10-1111_1750-3841-17607.pdf,10-1111_1750-3841-17607.txt,
10-1111_ijfs-13271.pdf,10-1111_ijfs-13271.txt,
10-1111_ijfs-13458.pdf,10-1111_ijfs-13458.txt,
10-1111_ijfs-13990.pdf,10-1111_ijfs-13990.txt,
10-1111_ijfs-14969.pdf,10-1111_ijfs-14969.txt,
10-1111_ijfs-15446.pdf,10-1111_ijfs-15446.txt,
10-1111_ijfs-15831.pdf,10-1111_ijfs-15831.txt,
10-1111_ijfs-16923.pdf,10-1111_ijfs-16923.txt,
10-1111_ijfs-17242.pdf,10-1111_ijfs-17242.txt,
10-1111_ijfs-17244.pdf,10-1111_ijfs-17244.txt,
10-1111_ijfs-17596.pdf,10-1111_ijfs-17596.txt,
10-1111_j-1365-2621-2002-tb10299-x.pdf,10-1111_j-1365-2621-2002-tb10299-x.txt,
10-1111_j-1365-2621-2005-tb09023-x.pdf,10-1111_j-1365-2621-2005-tb09023-x.txt,
10-1111_j-1750-3841-2006-00156-x.pdf,10-1111_j-1750-3841-2006-00156-x.txt,
10-1111_jfpe-14243.pdf,10-1111_jfpe-14243.txt,
10-1111_jfpe-14578.pdf,10-1111_jfpe-14578.txt,
10-1111_jfpe-70538.pdf,10-1111_jfpe-70538.txt,
10-1111_jfpp-12488.pdf,10-1111_jfpp-12488.txt,10.1111/jfpp.12488
10-1111_jfpp-12507.pdf,10-1111_jfpp-12507.txt,10.1111/jfpp.12507
10-1111_jfpp-13524.pdf,10-1111_jfpp-13524.txt,
10-1111_jfpp-16218.pdf,10-1111_jfpp-16218.txt,
10-1111_jfpp-16764.pdf,10-1111_jfpp-16764.txt,
10-1186_s43014-021-00076-8.pdf,10-1186_s43014-021-00076-8.txt,
10-1515_ijfe-2015-0068.pdf,10-1515_ijfe-2015-0068.txt,10.1515/ijfe-2015-0068
10-1590_1678-457X-00817.pdf,10-1590_1678-457X-00817.txt,
10-1590_S1516-89132009000600027.pdf,10-1590_S1516-89132009000600027.txt,
10-1590_fst-03918.pdf,10-1590_fst-03918.txt,
10-3136_fstr-11-46.pdf,10-3136_fstr-11-46.txt,
10-3136_fstr-21-95.pdf,10-3136_fstr-21-95.txt,
10-3389_fnut-2021-782212.pdf,10-3389_fnut-2021-782212.txt,
10-3389_fnut-2022-852225.pdf,10-3389_fnut-2022-852225.txt,
10-3389_fnut-2025-1708593.pdf,10-3389_fnut-2025-1708593.txt,10.3389/fnut.2025.1708593
10-3390_app142411979.pdf,10-3390_app142411979.txt,
10-3390_biom10010153.pdf,10-3390_biom10010153.txt,
10-3390_biom11020178.pdf,10-3390_biom11020178.txt,
10-3390_foods10020281.pdf,10-3390_foods10020281.txt,
10-3390_foods10030667.pdf,10-3390_foods10030667.txt,10.3390/foods10030667
10-3390_foods11101373.pdf,10-3390_foods11101373.txt,10.3390/foods11101373
10-3390_foods11192954.pdf,10-3390_foods11192954.txt,
10-3390_foods12142805.pdf,10-3390_foods12142805.txt,
10-3390_foods13050738.pdf,10-3390_foods13050738.txt,10.3390/foods13050738
10-3390_foods13244004.pdf,10-3390_foods13244004.txt,
10-3390_foods8120678.pdf,10-3390_foods8120678.txt,
10-3390_foods9081077.pdf,10-3390_foods9081077.txt,
10-3390_gels11120971.pdf,10-3390_gels11120971.txt,
10-3390_gels9020091.pdf,10-3390_gels9020091.txt,10.3390/gels9020091
10-3390_ijms13021561.pdf,10-3390_ijms13021561.txt,
10-3390_ijms242015371.pdf,10-3390_ijms242015371.txt,
10-3390_macromol5010003.pdf,10-3390_macromol5010003.txt,10.3390/macromol5010003
10-3390_molecules23020393.pdf,10-3390_molecules23020393.txt,
10-3390_molecules27186110.pdf,10-3390_molecules27186110.txt,10.3390/molecules27186110
10-5433_1679-0359-2025v46n3p675.pdf,10-5433_1679-0359-2025v46n3p675.txt,10.5433/1679-0359.2025v46n3p675
gels-11-00971.pdf,10-3390_gels11120971.txt,10.3390/gels11120971
